ID_0,NAME_0,ID_1,NAME_1,SETTLEMENT,OCCUPANCY,TAXONOMY,BUILDINGS,TOTAL_AREA_SQM,TOTAL_REPL_COST_USD,COST_STRUCTURAL_USD,COST_NONSTRUCTURAL_USD,COST_CONTENTS_USD,TOTAL_REPL_EC_TON,EC_STRUCTURAL_TON,EC_NONSTRUCTURAL_TON
IMN,Isle of Man,No_tag,No_tag,Total,Com,CR/LFINF+CDL/H:1/COM,201,87063,234695270,46939054,70408581,117347635,39179.639128377275,22553.897497562517,16625.741630814762
IMN,Isle of Man,No_tag,No_tag,Total,Com,CR/LFINF+CDM/H:2/COM,378,96547,302565845,60513169,90769754,151282923,43488.820792562976,25044.62459032216,18444.196202240826
IMN,Isle of Man,No_tag,No_tag,Total,Com,CR/LFINF+CDM/HBET:3-5/COM,461,334978,1101313491,220262698,330394047,550656746,151314.58529964433,87245.38323716605,64069.202062478296
IMN,Isle of Man,No_tag,No_tag,Total,Com,CR/LFINF+CDM/HBET:6-/COM,11,11752,38913462,7782692,11674039,19456731,5313.686513804219,3065.0081152493717,2248.6783985548477
IMN,Isle of Man,No_tag,No_tag,Total,Com,MUR+CL/LWAL+CDN/H:1/COM,1066,408179,921776403,184355280,276532921,460888201,216030.36364958598,171453.95149125744,44576.412158328516
IMN,Isle of Man,No_tag,No_tag,Total,Com,MUR+CL/LWAL+CDN/H:2/COM,1259,433978,1119733844,223946769,335920153,559866922,229846.94852020207,182449.13049804996,47397.81802215211
