ID_0,NAME_0,ID_1,NAME_1,SETTLEMENT,OCCUPANCY,TAXONOMY,BUILDINGS,TOTAL_AREA_SQM,TOTAL_REPL_COST_USD,COST_STRUCTURAL_USD,COST_NONSTRUCTURAL_USD,COST_CONTENTS_USD,TOTAL_REPL_EC_TON,EC_STRUCTURAL_TON,EC_NONSTRUCTURAL_TON
IMN,Isle of Man,No_tag,No_tag,Rural,Res,MUR+CL/LWAL+CDN/HBET:1-3/RES,2513,628260,850694940,255208482,425347470,170138988,275433.2111899221,223127.61134443842,52305.59984548383
IMN,Isle of Man,No_tag,No_tag,Urban,Res,CR/LFINF+CDN/HBET:3-5/RES,53,31978,57429062,17228718,28714531,11485812,12277.008679741291,5842.92865673839,6434.080023002909
IMN,Isle of Man,No_tag,No_tag,Urban,Res,MUR+CL/LWAL+CDN/HBET:1-3/RES,13058,2611535,4243372084,1273011626,2121686042,848674417,1144912.8971042666,927490.5926199266,217422.30448434007
