NO,ITEM,QUANTITY,QUANTITY_UNITS,EC,EC_UNITS,MF
1,Foundations,0.0196875,m3,341.9382,m3,2458.86
2,Frame,0.0,m3,0.0,m3,0.0
3,Floors,0.075,m3,284.72900000000004,m3,1855.1166666666663
4,Walls,0.48369140625,m3,485.9904670238732,m3,1527.9750715591476
