NO,ITEM,QUANTITY,QUANTITY_UNITS,EC,EC_UNITS,MF
1,Foundations,0.0733070987654321,m3,341.9382,m3,2458.86
2,Frame,0.10388888888888892,m3,486.306696,m3,2578.8908
3,Floors,0.25,m3,345.70020148760335,m3,2116.4302396694216
4,Walls,0.030092592592592598,m3,375.3161,m3,2486.655
